0.999,0.9984,0.9972,0.9646,0.7778,0.3515,0.1554,0.3757,0.0668,0.0481,0.0303,0.0204,0.0136,0.0101,0.0071,0.0047,0.0028,0.0021,0.0012,0.0013,0.001,0.0006,0.0007,0.0003,0.0001,0,0,0,0,0,0,0,0,0,0,0,0,0,0,0,0,0,0,0,0,0,0,0,0,0,0,0,0,0,0,0,0,0,0,0,0,0,0,0,0,0,0,0,0,0,0,0,0,0,0,0,0,0,0,0,0,0,0,0,0,0,0,0,0,0,0,0,0,0,0,0,0,0,0,0,
0.99899,0.998889,0.997172,0.947071,0.755051,0.499192,0.256465,0.108182,0.0672727,0.0512121,0.0322222,0.0210101,0.115152,0.00929293,0.00646465,0.00454545,0.00323232,0.00282828,0.0020202,0.00161616,0.00040404,0.00020202,0.00040404,0.00020202,0.00010101,0.00010101,0.00010101,0.00020202,0.00010101,0.00010101,0,0,0,0,0,0,0,0,0,0,0,0,0,0,0,0,0,0,0,0,0,0,0,0,0,0,0,0,0,0,0,0,0,0,0,0,0,0,0,0,0,0,0,0,0,0,0,0,0,0,0,0,0,0,0,0,0,0,0,0,0,0,0,0,0,0,0,0,0,0,
0.99898,0.998571,0.995816,0.985918,0.581327,0.422041,0.250204,0.113163,0.0764286,0.239694,0.0336735,0.0243878,0.0144898,0.0112245,0.0072449,0.00459184,0.00357143,0.00377551,0.00153061,0.000816327,0.00122449,0.000408163,0.000408163,0,0.000102041,0.000102041,0.000102041,0.000204082,0.000102041,0.000102041,0,0,0,0,0,0,0,0,0,0,0,0,0,0,0,0,0,0,0,0,0,0,0,0,0,0,0,0,0,0,0,0,0,0,0,0,0,0,0,0,0,0,0,0,0,0,0,0,0,0,0,0,0,0,0,0,0,0,0,0,0,0,0,0,0,0,0,0,0,0,
0.998969,0.99866,0.996907,0.98,0.792577,0.445464,0.409691,0.290825,0.166082,0.144948,0.0376289,0.0229897,0.015567,0.0106186,0.0071134,0.103711,0.00381443,0.00247423,0.00175258,0.00134021,0.000927835,0.000412371,0.000309278,0.000206186,0.000309278,0.000103093,0.000206186,0.000206186,0.000103093,0,0,0,0,0,0,0.000103093,0,0,0,0,0,0,0,0,0,0,0,0,0,0,0,0,0,0,0,0,0,0,0,0,0,0,0,0,0,0,0,0,0,0,0,0,0,0,0,0,0,0,0,0,0,0,0,0,0,0,0,0,0,0,0,0,0,0,0,0,0,0,0,0,
0.998958,0.998854,0.997604,0.997708,0.601042,0.724167,0.26125,0.299687,0.172083,0.0507292,0.0369792,0.0230208,0.0167708,0.0142708,0.00770833,0.00510417,0.10375,0.00333333,0.00229167,0.00125,0.0009375,0.000833333,0.0003125,0.1,0.0003125,0.000208333,0.000208333,0,0,0.000104167,0,0,0,0,0,0,0,0,0,0,0,0,0,0,0,0,0,0,0,0,0,0,0,0,0,0,0,0,0,0,0,0,0,0,0,0,0,0,0,0,0,0,0,0,0,0,0,0,0,0,0,0,0,0,0,0,0,0,0,0,0,0,0,0,0,0,0,0,0,0,
0.998947,0.998632,0.996105,0.973263,0.730421,0.594421,0.188316,0.295053,0.360842,0.153684,0.136526,0.122842,0.0183158,0.0126316,0.00842105,0.00631579,0.00515789,0.00210526,0.00189474,0.00136842,0.00147368,0.000526316,0.000210526,0.000631579,0.000105263,0,0.000105263,0,0,0,0,0,0.000105263,0,0,0,0,0,0.000105263,0,0,0,0,0,0,0,0,0,0,0,0,0,0,0,0,0,0,0,0,0,0,0,0,0,0,0,0,0,0,0,0,0,0,0,0,0,0,0,0,0,0,0,0,0,0,0,0,0,0,0,0,0,0,0,0,0,0,0,0,0,
0.998936,0.998404,0.99734,0.972234,0.898298,0.516809,0.353936,0.205851,0.174149,0.0580851,0.0421277,0.027766,0.0160638,0.0110638,0.00968085,0.00574468,0.00404255,0.00191489,0.00265957,0.00191489,0.0012766,0.000425532,0.000531915,0.000744681,0.000106383,0,0.000106383,0.000106383,0.000106383,0,0,0.000106383,0,0,0,0,0,0,0,0,0,0,0,0,0,0,0,0,0,0,0,0,0,0,0,0,0,0,0,0,0,0,0,0,0,0,0,0,0,0,0,0,0,0,0,0,0,0,0,0,0,0,0,0,0,0,0,0,0,0,0,0,0,0,0,0,0,0,0,0,
0.998925,0.998387,0.994086,0.991183,0.774624,0.375269,0.355699,0.300215,0.172473,0.0590323,0.0425806,0.0277419,0.0233333,0.0129032,0.0103226,0.106129,0.00483871,0.00387097,0.102043,0.00129032,0.00139785,0.000537634,0.000430108,0.000645161,0.000322581,0.000430108,0.000322581,0.000107527,0.000215054,0.000215054,0,0,0,0,0,0,0,0,0,0,0,0,0,0,0,0,0,0,0,0,0,0,0,0,0,0,0,0,0,0,0,0,0,0,0,0,0,0,0,0,0,0,0,0,0,0,0,0,0,0,0,0,0,0,0,0,0,0,0,0,0,0,0,0,0,0,0,0,0,0,
0.998913,0.998478,0.998152,0.987283,0.704674,0.492826,0.366413,0.139565,0.268804,0.344565,0.0442391,0.0319565,0.0176087,0.0129348,0.0109783,0.00836957,0.00402174,0.00195652,0.0026087,0.0026087,0.00108696,0.000978261,0.00108696,0.000108696,0.000326087,0.000217391,0.000217391,0.000108696,0.000108696,0,0,0.000108696,0,0,0,0,0,0,0,0,0,0,0,0,0,0,0,0,0,0,0,0,0,0,0,0,0,0,0,0,0,0,0,0,0,0,0,0,0,0,0,0,0,0,0,0,0,0,0,0,0,0,0,0,0,0,0,0,0,0,0,0,0,0,0,0,0,0,0,0,
0.998901,0.998791,0.998132,0.993407,0.843736,0.468462,0.205275,0.304066,0.0957143,0.0612088,0.0424176,0.0298901,0.0202198,0.0153846,0.0126374,0.00857143,0.0043956,0.00384615,0.00296703,0.00197802,0.00142857,0.000549451,0.000659341,0.000659341,0.00032967,0.000549451,0.00043956,0.00010989,0.00010989,0,0.00021978,0,0,0.00010989,0,0,0,0,0,0,0,0,0,0,0,0,0,0,0,0,0,0,0,0,0,0,0,0,0,0,0,0,0,0,0,0,0,0,0,0,0,0,0,0,0,0,0,0,0,0,0,0,0,0,0,0,0,0,0,0,0,0,0,0,0,0,0,0,0,0,
0.998889,0.998778,0.997333,0.979556,0.804667,0.404556,0.294,0.321444,0.275333,0.159,0.0425556,0.0346667,0.120667,0.0175556,0.00766667,0.00877778,0.00522222,0.004,0.00344444,0.00222222,0.00144444,0.00122222,0.00111111,0.000444444,0.000111111,0.000333333,0.000333333,0.000222222,0.000111111,0,0,0.000111111,0,0.000111111,0,0,0.000111111,0,0,0,0,0,0,0,0,0,0,0,0,0,0,0,0,0,0,0,0,0,0,0,0,0,0,0,0,0,0,0,0,0,0,0,0,0,0,0,0,0,0,0,0,0,0,0,0,0,0,0,0,0,0,0,0,0,0,0,0,0,0,0,
0.998876,0.998315,0.997753,0.976742,0.819101,0.413483,0.460899,0.403146,0.279326,0.162247,0.0497753,0.0285393,0.0234831,0.0147191,0.0134831,0.00876404,0.00674157,0.00438202,0.00348315,0.00191011,0.00157303,0.00157303,0.0011236,0.0011236,0.000449438,0.000561798,0.000337079,0.000224719,0.00011236,0.00011236,0,0,0,0,0,0,0,0,0,0,0,0,0,0,0,0,0,0,0,0,0,0,0,0,0,0,0,0,0,0,0,0,0,0,0,0,0,0,0,0,0,0,0,0,0,0,0,0,0,0,0,0,0,0,0,0,0,0,0,0,0,0,0,0,0,0,0,0,0,0,
0.998864,0.997386,0.998295,0.974886,0.804659,0.562273,0.530114,0.48875,0.114091,0.160568,0.04625,0.0339773,0.0236364,0.0170455,0.0142045,0.00852273,0.00715909,0.00545455,0.00272727,0.00284091,0.00170455,0.00204545,0.000909091,0.00125,0.00102273,0.000568182,0.000113636,0.000113636,0,0.000113636,0.000113636,0.000227273,0,0,0,0.000113636,0,0,0,0,0.000113636,0,0,0,0,0,0,0,0,0,0,0,0,0,0,0,0,0,0,0,0,0,0,0,0,0,0,0,0,0,0,0,0,0,0,0,0,0,0,0,0,0,0,0,0,0,0,0,0,0,0,0,0,0,0,0,0,0,0,0,
0.998851,0.998851,0.997816,0.972069,0.904713,0.804368,0.318736,0.496782,0.197356,0.0701149,0.0545977,0.0341379,0.0242529,0.0204598,0.0133333,0.012069,0.00827586,0.00586207,0.0037931,0.00321839,0.00126437,0.00091954,0.00091954,0.000689655,0.000344828,0.00045977,0.000574713,0.000229885,0.000114943,0.000114943,0.000114943,0,0,0.000114943,0.000114943,0,0,0,0,0,0,0,0,0,0,0,0,0,0,0,0,0,0,0,0,0,0,0,0,0,0,0,0,0,0,0,0,0,0,0,0,0,0,0,0,0,0,0,0,0,0,0,0,0,0,0,0,0,0,0,0,0,0,0,0,0,0,0,0,0,
0.998837,0.998256,0.995116,0.995814,0.902209,0.574419,0.55093,0.252558,0.46593,0.171395,0.146744,0.0372093,0.123605,0.0194186,0.0131395,0.107791,0.00604651,0.00488372,0.00430233,0.00290698,0.00255814,0.000813953,0.00104651,0.00127907,0.000465116,0.000581395,0.000116279,0.000465116,0,0.000116279,0,0.000116279,0,0,0,0,0,0.000116279,0,0,0,0,0,0,0,0,0,0,0,0,0,0,0,0,0,0,0,0,0,0,0,0,0,0,0,0,0,0,0,0,0,0,0,0,0,0,0,0,0,0,0,0,0,0,0,0,0,0,0,0,0,0,0,0,0,0,0,0,0,0,
0.998824,0.998,0.997529,0.993529,0.863176,0.569647,0.548706,0.426706,0.376824,0.0828235,0.240118,0.0403529,0.126941,0.119059,0.016,0.109882,0.00694118,0.104588,0.004,0.00247059,0.00211765,0.00105882,0.00188235,0.000588235,0.000470588,0.000235294,0.000352941,0.000588235,0,0.000235294,0,0,0,0,0,0,0,0,0,0,0,0,0,0,0,0,0,0,0,0,0,0,0,0,0,0,0,0,0,0,0,0,0,0,0,0,0,0,0,0,0,0,0,0,0,0,0,0,0,0,0,0,0,0,0,0,0,0,0,0,0,0,0,0,0,0,0,0,0,0,
0.99881,0.998452,0.996548,0.995357,0.931667,0.635833,0.410238,0.172262,0.209524,0.0794048,0.0547619,0.0411905,0.0282143,0.0167857,0.0160714,0.10869,0.0075,0.00690476,0.00440476,0.00261905,0.00297619,0.00202381,0.00119048,0.000833333,0.00047619,0.000952381,0.000119048,0.00047619,0.000119048,0.000119048,0,0.000357143,0.000119048,0,0.000238095,0,0,0,0,0,0,0,0,0,0,0,0,0,0,0,0,0,0,0,0,0,0,0,0,0,0,0,0,0,0,0,0,0,0,0,0,0,0,0,0,0,0,0,0,0,0,0,0,0,0,0,0,0,0,0,0,0,0,0,0,0,0,0,0,0,
0.998795,0.997349,0.997711,0.98759,0.789157,0.573735,0.636024,0.507349,0.203373,0.0825301,0.0591566,0.0433735,0.0312048,0.0180723,0.0174699,0.010241,0.108072,0.00771084,0.0046988,0.00289157,0.00108434,0.00144578,0.000843373,0.000843373,0.000481928,0.00060241,0.000481928,0.00060241,0.000240964,0.000361446,0.000120482,0.000240964,0.000361446,0,0.000120482,0,0,0,0,0,0,0,0,0,0,0,0,0,0,0,0,0,0,0,0,0,0,0,0,0,0,0,0,0,0,0,0,0,0,0,0,0,0,0,0,0,0,0,0,0,0,0,0,0,0,0,0,0,0,0,0,0,0,0,0,0,0,0,0,0,
0.99878,0.998537,0.998049,0.994146,0.949756,0.599512,0.35439,0.261707,0.135122,0.0909756,0.0607317,0.0481707,0.0341463,0.0257317,0.0164634,0.0113415,0.00792683,0.00768293,0.00353659,0.00463415,0.00256098,0.00207317,0.00121951,0.00121951,0.000731707,0.00121951,0.000487805,0.000853659,0.000243902,0.000243902,0,0,0,0.000365854,0,0,0,0,0,0,0,0,0,0,0,0,0,0,0,0,0,0,0,0,0,0,0,0,0,0,0,0,0,0,0,0,0,0,0,0,0,0,0,0,0,0,0,0,0,0,0,0,0,0,0,0,0,0,0,0,0,0,0,0,0,0,0,0,0,0,
0.998765,0.998272,0.99642,0.997531,0.917531,0.884321,0.50716,0.191605,0.303457,0.0979012,0.0683951,0.0497531,0.0345679,0.121975,0.0190123,0.0144444,0.011358,0.00592593,0.00506173,0.0045679,0.00283951,0.00283951,0.00234568,0.0017284,0.000493827,0.000864198,0.000493827,0.000493827,0.000493827,0.00037037,0.000246914,0.000123457,0,0,0,0,0,0,0,0,0,0,0,0,0,0,0,0,0,0,0,0,0,0,0,0,0,0,0,0,0,0,0,0,0,0,0,0,0,0,0,0,0,0,0,0,0,0,0,0,0,0,0,0,0,0,0,0,0,0,0,0,0,0,0,0,0,0,0,0,
0.99875,0.998625,0.997,0.993375,0.96175,0.682125,0.57225,0.520875,0.146625,0.283125,0.070375,0.04975,0.131625,0.03025,0.015625,0.014375,0.01,0.0075,0.005625,0.003625,0.00375,0.001875,0.001875,0.001625,0.00075,0.0005,0.0005,0.000125,0,0.000125,0.000125,0.00025,0.000125,0,0,0,0,0,0,0,0,0,0,0,0,0,0,0,0,0,0,0,0,0,0,0,0,0,0,0,0,0,0,0,0,0,0,0,0,0,0,0,0,0,0,0,0,0,0,0,0,0,0,0,0,0,0,0,0,0,0,0,0,0,0,0,0,0,0,0,
0.998734,0.998481,0.997215,0.996329,0.916329,0.648481,0.374304,0.294304,0.134937,0.275316,0.0721519,0.146582,0.0412658,0.0301266,0.0202532,0.114304,0.0117722,0.00708861,0.0056962,0.00405063,0.00341772,0.00278481,0.00151899,0.00113924,0.00126582,0.000506329,0.000506329,0.000379747,0.000506329,0.000126582,0.000253165,0.000126582,0.000126582,0,0.000126582,0.000126582,0,0,0,0,0,0,0,0,0,0,0,0,0,0,0,0,0,0,0,0,0,0,0,0,0,0,0,0,0,0,0,0,0,0,0,0,0,0,0,0,0,0,0,0,0,0,0,0,0,0,0,0,0,0,0,0,0,0,0,0,0,0,0,0,
0.998718,0.998462,0.997179,0.996282,0.846154,0.775256,0.450897,0.214359,0.231923,0.28859,0.163077,0.0476923,0.0376923,0.222179,0.0202564,0.0134615,0.0102564,0.00871795,0.00653846,0.00461538,0.00525641,0.00269231,0.00269231,0.00128205,0.00102564,0.00141026,0.000641026,0.000769231,0.000512821,0.000128205,0.00025641,0,0,0.00025641,0,0,0,0,0,0,0.000128205,0,0,0,0,0,0,0,0,0,0,0,0,0,0,0,0,0,0,0,0,0,0,0,0,0,0,0,0,0,0,0,0,0,0,0,0,0,0,0,0,0,0,0,0,0,0,0,0,0,0,0,0,0,0,0,0,0,0,0,
0.998701,0.998182,0.996623,0.994805,0.946364,0.717143,0.41013,0.220519,0.318961,0.205195,0.0775325,0.0538961,0.138831,0.126883,0.0209091,0.0155844,0.0105195,0.0074026,0.00480519,0.00467532,0.00493506,0.00220779,0.00298701,0.00233766,0.00103896,0.000779221,0.000779221,0.000519481,0,0.00038961,0,0,0.000519481,0,0.00025974,0,0,0.00012987,0,0,0.00012987,0,0,0,0,0,0.00012987,0,0,0,0,0,0,0,0,0,0,0,0,0,0,0,0,0,0,0,0,0,0,0,0,0,0,0,0,0,0,0,0,0,0,0,0,0,0,0,0,0,0,0,0,0,0,0,0,0,0,0,0,0,
0.998684,0.997895,0.996316,0.990658,0.907895,0.795263,0.587368,0.394605,0.154211,0.112763,0.0844737,0.243684,0.143553,0.0347368,0.0192105,0.0177632,0.0140789,0.00868421,0.00960526,0.00631579,0.005,0.00407895,0.00236842,0.00184211,0.00118421,0.00197368,0.000657895,0.000789474,0.000526316,0.000131579,0.000394737,0,0,0.000263158,0,0.000263158,0.000131579,0,0,0,0,0,0,0,0,0,0.000131579,0,0,0,0,0,0,0,0,0,0,0,0,0,0,0,0,0,0,0,0,0,0,0,0,0,0,0,0,0,0,0,0,0,0,0,0,0,0,0,0,0,0,0,0,0,0,0,0,0,0,0,0,0,
0.998667,0.998,0.997867,0.976933,0.952,0.697733,0.679733,0.3968,0.4144,0.114933,0.1688,0.1568,0.0429333,0.131333,0.0236,0.0178667,0.0154667,0.0117333,0.0102667,0.006,0.00386667,0.0044,0.00133333,0.0028,0.0012,0.00106667,0.000533333,0.0008,0.000933333,0.00106667,0.000533333,0.000266667,0.000266667,0,0.000133333,0.000133333,0.000133333,0,0,0,0,0,0,0,0,0,0,0,0,0,0,0,0,0,0,0,0,0,0,0,0,0,0,0,0,0,0,0,0,0,0,0,0,0,0,0,0,0,0,0,0,0,0,0,0,0,0,0,0,0,0,0,0,0,0,0,0,0,0,0,
0.998649,0.998378,0.997432,0.989595,0.968108,0.782838,0.682027,0.621757,0.171081,0.125541,0.176486,0.162432,0.0485135,0.0331081,0.0272973,0.017973,0.0158108,0.112838,0.00689189,0.00756757,0.00486486,0.00364865,0.00459459,0.00175676,0.00148649,0.000945946,0.00108108,0.000675676,0.000810811,0.000675676,0.000405405,0,0.000405405,0.000135135,0.000135135,0,0,0.000135135,0,0,0,0.000135135,0,0,0,0,0,0,0,0,0,0,0,0,0,0,0,0,0,0,0,0,0,0,0,0,0,0,0,0,0,0,0,0,0,0,0,0,0,0,0,0,0,0,0,0,0,0,0,0,0,0,0,0,0,0,0,0,0,0,
0.99863,0.998493,0.996301,0.995342,0.968356,0.75411,0.74,0.404521,0.279178,0.212055,0.274247,0.156301,0.145068,0.226849,0.0291781,0.0191781,0.0163014,0.0120548,0.010274,0.00917808,0.00452055,0.00520548,0.00246575,0.00123288,0.101781,0.00191781,0.000958904,0.000821918,0.000547945,0.00109589,0.000273973,0,0.000410959,0.000136986,0.000273973,0.000136986,0.000136986,0,0,0,0,0,0,0,0,0,0,0,0,0,0,0,0,0,0,0,0,0,0,0,0,0,0,0,0,0,0,0,0,0,0,0,0,0,0,0,0,0,0,0,0,0,0,0,0,0,0,0,0,0,0,0,0,0,0,0,0,0,0,0,
0.998611,0.998194,0.996528,0.992778,0.989167,0.873472,0.692639,0.626667,0.173056,0.304306,0.100556,0.259167,0.0519444,0.133889,0.0275,0.025,0.115139,0.0119444,0.108194,0.00763889,0.00472222,0.00472222,0.00319444,0.00333333,0.00194444,0.000833333,0.00111111,0.00125,0.000555556,0.000694444,0.000833333,0.000277778,0,0.000277778,0.000138889,0.000416667,0,0.000138889,0.000138889,0.000138889,0,0,0.000138889,0,0,0,0,0,0,0,0,0,0,0,0,0,0,0,0,0,0,0,0,0,0,0,0,0,0,0,0,0,0,0,0,0,0,0,0,0,0,0,0,0,0,0,0,0,0,0,0,0,0,0,0,0,0,0,0,0,
0.998592,0.998169,0.996761,0.994648,0.969014,0.917606,0.630141,0.479155,0.430704,0.225775,0.105915,0.170986,0.0529577,0.0388732,0.0305634,0.0233803,0.0195775,0.0146479,0.0107042,0.00887324,0.00521127,0.0043662,0.00408451,0.00295775,0.00267606,0.00140845,0.000985915,0.000704225,0.000704225,0.00056338,0.00056338,0.00028169,0.00028169,0.000140845,0.000140845,0.000140845,0,0,0,0,0,0,0,0,0,0,0,0,0,0,0,0,0,0,0,0,0,0,0,0,0,0,0,0,0,0,0,0,0,0,0,0,0,0,0,0,0,0,0,0,0,0,0,0,0,0,0,0,0,0,0,0,0,0,0,0,0,0,0,0,
0.998571,0.998286,0.997,0.992714,0.953,0.877714,0.589714,0.422,0.177286,0.322571,0.287857,0.0741429,0.0575714,0.042,0.0375714,0.024,0.0202857,0.0157143,0.0138571,0.0102857,0.00685714,0.00728571,0.00428571,0.00342857,0.00271429,0.00142857,0.000857143,0.00128571,0.000571429,0.000571429,0.000714286,0.000714286,0.000142857,0.000142857,0.000428571,0.000142857,0.000285714,0,0,0,0,0,0,0,0,0,0,0,0,0,0,0,0,0,0,0,0,0,0,0,0,0,0,0,0,0,0,0,0,0,0,0,0,0,0,0,0,0,0,0,0,0,0,0,0,0,0,0,0,0,0,0,0,0,0,0,0,0,0,0,
0.998551,0.998261,0.997971,0.993188,0.982174,0.86058,0.595072,0.28942,0.372609,0.231159,0.19,0.17,0.0646377,0.233478,0.0376812,0.0252174,0.117391,0.0156522,0.0107246,0.00971014,0.00623188,0.0084058,0.00550725,0.00318841,0.00231884,0.00115942,0.00275362,0.00130435,0.000869565,0.000289855,0.000724638,0.000144928,0.000724638,0.000144928,0.000144928,0,0.000144928,0.000289855,0.000144928,0,0.000144928,0,0,0,0,0,0,0,0,0,0,0,0,0,0,0,0,0,0,0,0,0,0,0,0,0,0,0,0,0,0,0,0,0,0,0,0,0,0,0,0,0,0,0,0,0,0,0,0,0,0,0,0,0,0,0,0,0,0,0,
0.998529,0.997353,0.996324,0.993824,0.983824,0.842794,0.680735,0.391471,0.448971,0.418676,0.290882,0.0873529,0.0683824,0.0482353,0.0407353,0.0276471,0.0232353,0.0197059,0.0138235,0.00911765,0.00691176,0.00455882,0.005,0.00397059,0.00308824,0.00279412,0.00264706,0.00161765,0.00132353,0.000882353,0.000588235,0.000882353,0.000441176,0.000588235,0,0.000294118,0.000441176,0.000147059,0,0,0,0,0,0.000147059,0,0,0,0,0.000147059,0,0,0,0,0,0,0,0,0,0,0,0,0,0,0,0,0,0,0,0,0,0,0,0,0,0,0,0,0,0,0,0,0,0,0,0,0,0,0,0,0,0,0,0,0,0,0,0,0,0,0,
0.998507,0.99806,0.997761,0.994179,0.99403,0.839851,0.619104,0.44806,0.30597,0.416418,0.123433,0.175224,0.161343,0.238955,0.0379104,0.0343284,0.0249254,0.0189552,0.112388,0.0107463,0.00940299,0.00537313,0.00462687,0.00373134,0.00358209,0.00268657,0.00179104,0.000895522,0.00149254,0.00119403,0.000746269,0.000298507,0,0.000298507,0.000447761,0.000447761,0.000447761,0.000149254,0,0.000149254,0.000149254,0.000149254,0,0.000149254,0,0,0,0,0,0,0,0,0,0,0,0,0,0,0,0,0,0,0,0,0,0,0,0,0,0,0,0,0,0,0,0,0,0,0,0,0,0,0,0,0,0,0,0,0,0,0,0,0,0,0,0,0,0,0,0,
0.998485,0.997879,0.997424,0.992424,0.982576,0.852879,0.730152,0.730455,0.307727,0.429242,0.214091,0.182273,0.0745455,0.144242,0.0457576,0.0333333,0.0240909,0.114394,0.0133333,0.111212,0.0107576,0.00651515,0.00575758,0.00484848,0.00439394,0.00348485,0.00181818,0.00181818,0.00121212,0.000909091,0.000757576,0.000909091,0.000606061,0.000757576,0.000151515,0.00030303,0.00030303,0.00030303,0.000151515,0,0.00030303,0.000151515,0.000151515,0,0,0,0,0,0,0,0,0.000151515,0,0,0,0,0,0,0,0,0,0,0,0,0,0,0,0,0,0,0,0,0,0,0,0,0,0,0,0,0,0,0,0,0,0,0,0,0,0,0,0,0,0,0,0,0,0,0,0,
0.998462,0.998308,0.997538,0.989538,0.995692,0.924462,0.780462,0.670769,0.624308,0.253077,0.219692,0.0967692,0.166462,0.0578462,0.0496923,0.0341538,0.0233846,0.118923,0.0173846,0.012,0.01,0.00707692,0.00707692,0.00584615,0.00276923,0.00261538,0.00153846,0.00123077,0.00184615,0.00107692,0.000923077,0.000461538,0.000461538,0.000615385,0,0,0.000307692,0.000461538,0,0.000153846,0,0,0,0,0,0,0,0,0,0,0,0,0,0,0,0,0,0,0,0,0,0,0,0,0,0,0,0,0,0,0,0,0,0,0,0,0,0,0,0,0,0,0,0,0,0,0,0,0,0,0,0,0,0,0,0,0,0,0,0,
0.998437,0.997969,0.997812,0.996094,0.993906,0.859062,0.660156,0.626563,0.482031,0.175156,0.315312,0.285,0.175625,0.244063,0.0485937,0.0373438,0.0253125,0.0234375,0.0171875,0.0142187,0.00875,0.0090625,0.00578125,0.003125,0.005,0.00375,0.0025,0.0025,0.0015625,0.00171875,0.100937,0.00109375,0.000625,0.00078125,0.0003125,0.000625,0.0003125,0.00015625,0.00015625,0,0,0.00015625,0,0,0,0,0,0,0,0,0,0,0,0,0,0,0,0,0,0,0,0,0,0,0,0,0,0,0,0,0,0,0,0,0,0,0,0,0,0,0,0,0,0,0,0,0,0,0,0,0,0,0,0,0,0,0,0,0,0,
0.998413,0.997937,0.996349,0.99619,0.989841,0.902857,0.734762,0.635556,0.628095,0.34746,0.32,0.285079,0.271111,0.0634921,0.0488889,0.0361905,0.0309524,0.028254,0.0173016,0.0147619,0.0114286,0.00777778,0.00920635,0.00730159,0.104286,0.0031746,0.00253968,0.00285714,0.00142857,0.0015873,0.00031746,0.000952381,0.000793651,0.000634921,0.000793651,0.00047619,0,0.00031746,0.00031746,0.00015873,0.00015873,0,0.00015873,0,0,0,0,0.00015873,0,0,0,0,0,0,0,0,0,0,0,0,0,0,0,0,0,0,0,0,0,0,0,0,0,0,0,0,0,0,0,0,0,0,0,0,0,0,0,0,0,0,0,0,0,0,0,0,0,0,0,0,
0.998387,0.997742,0.997581,0.993871,0.981935,0.995645,0.684194,0.564355,0.57129,0.203387,0.395,0.110968,0.08,0.0564516,0.14629,0.0412903,0.0285484,0.0279032,0.0219355,0.0133871,0.0137097,0.00983871,0.00693548,0.00467742,0.00580645,0.00370968,0.00274194,0.00209677,0.00258065,0.000645161,0.0016129,0.000645161,0.000483871,0.000645161,0.000322581,0.000483871,0.000483871,0.00016129,0.000322581,0,0.000645161,0,0.00016129,0.00016129,0,0,0,0.00016129,0,0,0,0,0,0,0,0,0,0,0,0,0,0,0,0,0,0,0,0,0,0,0,0,0,0,0,0,0,0,0,0,0,0,0,0,0,0,0,0,0,0,0,0,0,0,0,0,0,0,0,0,
0.998361,0.998033,0.997869,0.996557,0.977869,0.901311,0.797705,0.52623,0.485246,0.379672,0.323115,0.20918,0.178361,0.0631148,0.144262,0.14377,0.0360656,0.0270492,0.0216393,0.0167213,0.0154098,0.0108197,0.00983607,0.00442623,0.0042623,0.0047541,0.0047541,0.00344262,0.00196721,0.00114754,0.00163934,0.000983607,0.000655738,0.000983607,0.000491803,0.000327869,0.000327869,0.000327869,0.000655738,0.000491803,0.000491803,0,0,0,0,0,0,0,0,0,0,0,0,0,0,0,0,0,0,0,0,0,0,0,0,0,0,0,0,0,0,0,0,0,0,0,0,0,0,0,0,0,0,0,0,0,0,0,0,0,0,0,0,0,0,0,0,0,0,0,
0.998333,0.998,0.997167,0.998167,0.984167,0.966,0.693667,0.643167,0.447667,0.465833,0.16,0.116833,0.0956667,0.0781667,0.151833,0.052,0.1305,0.0248333,0.0265,0.0205,0.115833,0.0113333,0.0105,0.0065,0.00666667,0.0045,0.00366667,0.0045,0.002,0.003,0.00116667,0.000666667,0.00116667,0.000833333,0.000833333,0.000333333,0.000833333,0,0.000166667,0.000333333,0.000166667,0,0.000166667,0.000166667,0,0,0,0,0,0,0,0,0,0,0,0,0,0,0,0,0,0,0,0,0,0,0,0,0,0,0,0,0,0,0,0,0,0,0,0,0,0,0,0,0,0,0,0,0,0,0,0,0,0,0,0,0,0,0,0,
0.998305,0.997627,0.996271,0.997119,0.994576,0.972712,0.87678,0.458475,0.519322,0.31339,0.49322,0.477627,0.191186,0.0779661,0.15322,0.0461017,0.0415254,0.0335593,0.0250847,0.0215254,0.0128814,0.0123729,0.0101695,0.0101695,0.00508475,0.00694915,0.10339,0.00237288,0.00271186,0.00254237,0.00186441,0.000677966,0.00135593,0.00152542,0.00135593,0.00118644,0.000677966,0.00101695,0.000847458,0.000169492,0,0.000169492,0,0,0,0,0,0,0,0,0,0,0,0,0,0,0,0,0,0,0,0,0,0,0,0,0,0,0,0,0,0,0,0,0,0,0,0,0,0,0,0,0,0,0,0,0,0,0,0,0,0,0,0,0,0,0,0,0,0,
0.998276,0.998103,0.997414,0.997241,0.98931,0.994138,0.794828,0.662759,0.471034,0.47569,0.185172,0.139483,0.200345,0.0867241,0.25069,0.0531034,0.0417241,0.0310345,0.0244828,0.117069,0.111724,0.0143103,0.00948276,0.00758621,0.00724138,0.00637931,0.00482759,0.0037931,0.00327586,0.00241379,0.00189655,0.0012069,0.0012069,0.000689655,0.000344828,0.000517241,0.000689655,0.000689655,0.000172414,0.000517241,0,0.000172414,0.000172414,0.000344828,0,0.000344828,0,0,0,0,0,0,0,0,0,0,0,0,0,0,0,0,0,0,0,0,0,0,0,0,0,0,0,0,0,0,0,0,0,0,0,0,0,0,0,0,0,0,0,0,0,0,0,0,0,0,0,0,0,0,
0.998246,0.997018,0.997018,0.99614,0.985965,0.955789,0.911754,0.517193,0.541053,0.404737,0.351404,0.316491,0.208947,0.281053,0.346842,0.148772,0.0457895,0.0312281,0.0245614,0.0196491,0.0224561,0.012807,0.0105263,0.00877193,0.00929825,0.00649123,0.00421053,0.00491228,0.00280702,0.00315789,0.00263158,0.00192982,0.000701754,0.00105263,0.00175439,0.000877193,0.000350877,0.000526316,0.000701754,0.000350877,0.000526316,0.000175439,0.000350877,0.000175439,0.000175439,0,0.000175439,0.000175439,0,0,0,0,0,0,0,0,0,0.000175439,0,0,0,0,0,0,0,0,0,0,0,0,0,0,0,0,0,0,0,0,0,0,0,0,0,0,0,0,0,0,0,0,0,0,0,0,0,0,0,0,0,0,
0.998214,0.9975,0.997679,0.996786,0.982143,0.96625,0.786071,0.685357,0.4875,0.349464,0.440357,0.404464,0.2125,0.363036,0.171786,0.0603571,0.236964,0.035,0.0244643,0.0258929,0.0176786,0.0126786,0.0116071,0.00982143,0.00875,0.00660714,0.00732143,0.00482143,0.00464286,0.00267857,0.00339286,0.00125,0.00160714,0.00142857,0.000892857,0.00107143,0.000714286,0.000178571,0.000178571,0.000357143,0.000178571,0.000535714,0.000535714,0.000357143,0.000357143,0.000178571,0,0.000178571,0,0,0,0,0,0,0,0,0,0,0,0,0,0,0,0,0,0,0,0,0,0,0,0,0,0,0,0,0,0,0,0,0,0,0,0,0,0,0,0,0,0,0,0,0,0,0,0,0,0,0,0,
0.998182,0.997636,0.997273,0.995455,0.986,0.975636,0.950545,0.852909,0.682545,0.421091,0.348182,0.161273,0.305455,0.0998182,0.0754545,0.153455,0.143091,0.0423636,0.126909,0.0247273,0.0218182,0.0149091,0.0130909,0.0123636,0.00890909,0.008,0.00618182,0.00709091,0.00327273,0.00345455,0.103455,0.00218182,0.002,0.000909091,0.000727273,0.00163636,0.000545455,0.00109091,0.000181818,0.000909091,0.000363636,0,0.000181818,0.000181818,0,0.000181818,0,0,0,0,0,0,0,0,0,0,0,0,0,0,0,0,0,0,0,0,0,0,0,0,0,0,0,0,0,0,0,0,0,0,0,0,0,0,0,0,0,0,0,0,0,0,0,0,0,0,0,0,0,0,
0.998148,0.997778,0.997222,0.996296,0.99037,0.981111,0.916111,0.818704,0.743704,0.583704,0.377593,0.239815,0.225926,0.194444,0.171296,0.161667,0.0544444,0.134259,0.0312963,0.0287037,0.0231481,0.0133333,0.0166667,0.0124074,0.0118519,0.00944444,0.00833333,0.005,0.00314815,0.00296296,0.00333333,0.00314815,0.00240741,0.0012963,0.00111111,0.00148148,0.000925926,0.000555556,0.00111111,0.000555556,0.000740741,0.000185185,0.000925926,0.00037037,0.00037037,0.000185185,0.000185185,0.000185185,0,0,0,0,0,0.000185185,0,0,0,0,0,0,0,0,0,0,0,0,0,0,0,0,0,0,0,0,0,0,0,0,0,0,0,0,0,0,0,0,0,0,0,0,0,0,0,0,0,0,0,0,0,0,
0.998113,0.997925,0.998113,0.996226,0.995283,0.951509,0.946604,0.906415,0.690943,0.638679,0.373585,0.340755,0.238491,0.197358,0.178679,0.07,0.0526415,0.0490566,0.0430189,0.03,0.0249057,0.0222642,0.0145283,0.11283,0.0120755,0.00584906,0.00698113,0.00471698,0.00433962,0.00433962,0.00245283,0.00226415,0.00264151,0.00169811,0.000943396,0.00188679,0.000754717,0.000566038,0.000188679,0.000566038,0.000566038,0.000377358,0.000188679,0.000188679,0.000754717,0.000377358,0.000377358,0,0,0,0,0,0,0,0,0,0.000188679,0,0,0,0,0,0,0,0,0,0,0,0,0,0,0,0,0,0,0,0,0,0,0,0,0,0,0,0,0,0,0,0,0,0,0,0,0,0,0,0,0,0,0,
0.998077,0.997885,0.996538,0.990577,0.996538,0.996538,0.964038,0.956923,0.659231,0.550769,0.625962,0.344808,0.309038,0.378077,0.095,0.260192,0.0536538,0.143077,0.0405769,0.0367308,0.0259615,0.0248077,0.0203846,0.0153846,0.109038,0.00711538,0.00846154,0.00653846,0.00653846,0.00480769,0.00403846,0.00115385,0.00230769,0.00346154,0.00230769,0.00192308,0.000961538,0.00115385,0.00115385,0.000769231,0.000192308,0.000576923,0.000576923,0.000192308,0.000192308,0.000192308,0,0,0,0,0.000384615,0,0,0,0,0,0,0,0,0,0,0,0.000192308,0,0,0,0,0,0,0,0,0,0,0,0,0,0,0,0,0,0,0,0,0,0,0,0,0,0,0,0,0,0,0,0,0,0,0,0,0,
0.998039,0.998039,0.997843,0.997647,0.98902,0.988039,0.958431,0.928824,0.71549,0.386078,0.465686,0.357255,0.332745,0.138627,0.193137,0.0784314,0.064902,0.0560784,0.0484314,0.0321569,0.0278431,0.0196078,0.0178431,0.0178431,0.0133333,0.00784314,0.00960784,0.0072549,0.00705882,0.0045098,0.00490196,0.00313725,0.00117647,0.00176471,0.000980392,0.000980392,0.00156863,0.000588235,0.000784314,0.00117647,0.000784314,0.000980392,0.000196078,0.000784314,0.000196078,0.000196078,0.000588235,0,0,0.000196078,0,0,0,0,0,0.000196078,0,0,0,0.000196078,0,0,0,0,0.000196078,0,0,0,0,0,0,0,0,0,0,0,0,0,0,0,0,0,0,0,0,0,0,0,0,0,0,0,0,0,0,0,0,0,0,0,
0.998,0.998,0.9976,0.9974,0.9914,0.9794,0.9484,0.8392,0.7232,0.6732,0.4118,0.2936,0.3236,0.2994,0.1966,0.2636,0.1622,0.0546,0.1454,0.1322,0.0352,0.0242,0.0222,0.0162,0.016,0.0102,0.0102,0.0088,0.0082,0.0052,0.0046,0.1036,0.0048,0.0026,0.0012,0.0038,0.0026,0.0014,0.0006,0.0012,0.0002,0.0008,0.0004,0.0002,0,0.0002,0.0002,0,0,0,0.0002,0.0002,0,0.0002,0.0004,0,0,0.0002,0,0,0,0,0,0,0,0,0,0,0,0,0,0,0,0,0,0,0,0,0,0,0,0,0,0,0,0,0,0,0,0,0,0,0,0,0,0,0,0,0,0,
0.997959,0.997755,0.996735,0.996735,0.992857,0.989796,0.991429,0.822449,0.674286,0.68449,0.460816,0.372857,0.345918,0.231633,0.123469,0.271224,0.0844898,0.148163,0.0483673,0.044898,0.0291837,0.0261224,0.0210204,0.0206122,0.0197959,0.0134694,0.0142857,0.00897959,0.0077551,0.00734694,0.00510204,0.00632653,0.00183673,0.00306122,0.00285714,0.00163265,0.00102041,0.00142857,0.00142857,0.00163265,0.00122449,0.000612245,0.000612245,0.000408163,0.000612245,0.000612245,0.000612245,0.000408163,0,0,0.000204082,0.000204082,0,0,0.000204082,0,0,0,0,0,0,0,0,0,0.000204082,0,0.000204082,0,0,0,0,0,0,0,0,0,0,0,0,0,0,0,0,0,0,0,0,0,0,0,0,0,0,0,0,0,0,0,0,0,
0.997917,0.9975,0.997708,0.996042,0.990417,0.98625,0.963333,0.904583,0.746042,0.490625,0.576458,0.3175,0.250417,0.400833,0.304375,0.101458,0.16375,0.0652083,0.05,0.0495833,0.03125,0.125625,0.0258333,0.020625,0.0172917,0.0125,0.013125,0.00875,0.01,0.00604167,0.00604167,0.00354167,0.005625,0.00291667,0.00270833,0.00395833,0.000625,0.00145833,0.00104167,0.00166667,0.00229167,0.00145833,0.000416667,0.000416667,0.000416667,0.000208333,0.000625,0.000208333,0,0,0,0,0.000208333,0,0,0.000208333,0,0,0,0,0,0.000208333,0,0,0,0,0,0,0,0,0,0,0,0,0,0,0,0,0,0,0,0,0,0,0,0,0,0,0,0,0,0,0,0,0,0,0,0,0,0,
0.997872,0.997021,0.99617,0.995957,0.993617,0.994681,0.980213,0.850851,0.814681,0.615532,0.531489,0.347021,0.371064,0.332128,0.296596,0.194681,0.354255,0.0661702,0.24383,0.0478723,0.0389362,0.0378723,0.023617,0.0231915,0.0189362,0.0182979,0.111277,0.0102128,0.00787234,0.00914894,0.00595745,0.00659574,0.00489362,0.00361702,0.00468085,0.00191489,0.0012766,0.00148936,0.00234043,0.00148936,0.00106383,0.000851064,0.000425532,0.00106383,0.000212766,0.000638298,0.000425532,0.000212766,0.000212766,0.000425532,0.000425532,0,0,0.000425532,0.000212766,0.000212766,0,0,0.000212766,0.000212766,0,0.000212766,0,0,0,0,0,0,0,0,0,0,0,0,0,0,0,0,0,0,0,0,0,0,0,0,0,0,0,0,0,0,0,0,0,0,0,0,0,0,
0.997826,0.996957,0.997391,0.996522,0.997174,0.980652,0.989565,0.908261,0.78587,0.676304,0.535217,0.346739,0.219565,0.328696,0.397391,0.201739,0.269783,0.0741304,0.0571739,0.051087,0.045,0.0343478,0.126304,0.221304,0.0178261,0.0180435,0.0154348,0.011087,0.00891304,0.01,0.00586957,0.00782609,0.00630435,0.00673913,0.00456522,0.00282609,0.00326087,0.00130435,0.000434783,0.00108696,0.00130435,0.00108696,0.00130435,0.000652174,0.000434783,0.000652174,0.000434783,0,0.000434783,0.000434783,0.000434783,0.000217391,0.000434783,0,0.000217391,0.000434783,0.000217391,0.000217391,0,0.000217391,0.000217391,0,0,0,0,0,0,0,0,0,0,0,0,0,0,0,0,0,0,0,0,0,0,0,0,0,0,0,0,0,0,0,0,0,0,0,0,0,0,0,
0.997778,0.997556,0.996222,0.994667,0.993556,0.993333,0.943556,0.978889,0.742222,0.706222,0.537778,0.493778,0.238222,0.337556,0.228889,0.288222,0.186222,0.0708889,0.163778,0.0531111,0.14,0.138667,0.129111,0.0282222,0.0237778,0.0175556,0.0168889,0.114222,0.0102222,0.00955556,0.008,0.00511111,0.00511111,0.00444444,0.00333333,0.00511111,0.00288889,0.00311111,0.00155556,0.000666667,0.00133333,0.00177778,0.00177778,0.000888889,0.000444444,0.000444444,0,0.000444444,0.000444444,0.000222222,0.000222222,0,0.000222222,0,0,0,0,0,0,0,0,0,0,0,0,0,0,0,0.000222222,0,0,0,0,0,0,0,0,0,0,0,0,0,0,0,0,0,0,0,0,0,0,0,0,0,0,0,0,0,0,0,
0.997727,0.997273,0.996136,0.995682,0.995455,0.996136,0.982273,0.984091,0.875455,0.608864,0.804318,0.578409,0.387727,0.27,0.317727,0.562955,0.275909,0.0929545,0.347955,0.0577273,0.144773,0.0475,0.0343182,0.0272727,0.0240909,0.0193182,0.0145455,0.0156818,0.0127273,0.0118182,0.00909091,0.00863636,0.00681818,0.00704545,0.00568182,0.00386364,0.00272727,0.00318182,0.0025,0.00204545,0.00181818,0.00136364,0.00113636,0.000227273,0.00136364,0.000909091,0.000681818,0.000681818,0.000454545,0.000681818,0.000454545,0.000227273,0.000227273,0.000227273,0,0.000454545,0,0.000227273,0.000227273,0,0,0,0,0,0,0,0,0,0,0,0,0,0.000227273,0,0,0,0,0,0,0,0,0,0,0,0,0,0,0,0,0,0,0,0,0,0,0,0,0,0,0,
0.997674,0.996977,0.996279,0.996047,0.995349,0.995814,0.976744,0.973256,0.917674,0.710233,0.567209,0.454186,0.391628,0.297442,0.399767,0.30814,0.204186,0.183488,0.16907,0.0583721,0.0530233,0.0411628,0.0393023,0.128837,0.0227907,0.0227907,0.0130233,0.0181395,0.11186,0.0127907,0.0104651,0.00860465,0.00651163,0.00651163,0.00581395,0.0055814,0.00348837,0.00186047,0.00232558,0.00232558,0.00186047,0.0027907,0.00116279,0.000697674,0.00139535,0.000465116,0.000465116,0.000930233,0,0.00116279,0.000697674,0.000465116,0,0.000465116,0.00116279,0.000232558,0,0,0.000232558,0,0,0,0,0,0.000232558,0,0,0.000232558,0,0,0,0,0,0,0,0,0,0,0,0,0,0,0,0,0,0,0,0,0,0,0,0,0,0,0,0,0,0,0,0,
0.997619,0.996905,0.995952,0.993095,0.993571,0.992857,0.980476,0.963333,0.907857,0.747619,0.71619,0.392857,0.410714,0.519048,0.343571,0.226905,0.296429,0.280238,0.164048,0.254048,0.0578571,0.142381,0.0433333,0.0319048,0.0328571,0.0238095,0.0188095,0.0192857,0.0154762,0.0102381,0.0107143,0.00833333,0.00833333,0.00666667,0.00761905,0.00595238,0.00404762,0.00333333,0.00404762,0.00404762,0.00238095,0.00142857,0.00142857,0.00214286,0.00190476,0.00166667,0.00238095,0.000952381,0.000714286,0.00119048,0,0.00047619,0.00047619,0,0.00047619,0.000238095,0,0,0.000238095,0.000238095,0,0,0,0,0,0.000238095,0,0,0,0,0,0,0,0,0.00047619,0,0,0,0,0,0,0,0,0,0,0,0,0,0,0,0,0,0,0,0,0,0,0,0,0,
0.997561,0.996829,0.996098,0.995366,0.997317,0.989756,0.965854,0.952927,0.928049,0.809024,0.606098,0.67122,0.487805,0.464878,0.433171,0.14878,0.296585,0.291951,0.0892683,0.0753659,0.34439,0.143171,0.0456098,0.0368293,0.129512,0.0258537,0.0241463,0.0185366,0.014878,0.0165854,0.0139024,0.0119512,0.00926829,0.00902439,0.00560976,0.00682927,0.00390244,0.00463415,0.00268293,0.00219512,0.00170732,0.00292683,0.00146341,0.00195122,0.000731707,0.000487805,0.000487805,0.00097561,0.00195122,0.00146341,0.00170732,0.000243902,0.00170732,0.000487805,0,0.000487805,0.000243902,0.000487805,0.000487805,0.000243902,0.000487805,0,0,0.000243902,0,0,0.000243902,0,0,0,0,0,0,0,0,0,0,0,0,0,0,0,0,0,0,0,0,0,0,0,0,0.000243902,0,0,0.000243902,0,0,0,0,0,
0.9975,0.9965,0.9975,0.99625,0.99225,0.98975,0.979,0.96725,0.85375,0.939,0.74175,0.614,0.56725,0.55075,0.27775,0.32425,0.31975,0.11575,0.105,0.17225,0.06375,0.058,0.33025,0.0445,0.132,0.03375,0.12225,0.024,0.01925,0.0165,0.015,0.016,0.0115,0.007,0.00725,0.00525,0.006,0.0045,0.005,0.002,0.003,0.00325,0.00175,0.002,0.00175,0.00125,0.00175,0.00125,0.00175,0.001,0.0005,0.00125,0.00075,0.00025,0.00025,0.00025,0.00075,0.0005,0.00025,0.00025,0,0,0.00075,0.00025,0.00025,0.00025,0,0,0,0,0,0,0.00025,0,0,0,0,0,0,0,0,0,0,0,0,0,0,0,0,0,0,0,0,0,0,0,0,0,0,0,
0.997436,0.997179,0.997179,0.991026,0.99359,0.996154,0.986667,0.969487,0.944359,0.938462,0.552308,0.744359,0.438718,0.399487,0.283846,0.175641,0.222821,0.306667,0.109231,0.187949,0.172821,0.0630769,0.0553846,0.0515385,0.0402564,0.0417949,0.0323077,0.121026,0.0212821,0.118205,0.0158974,0.0117949,0.0107692,0.00897436,0.00769231,0.105897,0.00564103,0.00717949,0.00487179,0.00410256,0.00384615,0.00410256,0.00282051,0.00333333,0.00205128,0.0025641,0.000769231,0.00179487,0.00102564,0.00205128,0.00128205,0.00025641,0,0.00025641,0.000512821,0.00025641,0.000512821,0.00025641,0,0.00025641,0.00025641,0,0,0,0,0.00025641,0,0,0,0,0,0,0,0,0,0,0,0,0,0,0,0.00025641,0,0,0,0,0,0,0,0,0,0,0,0,0,0,0,0,0,0,
0.997368,0.996842,0.996579,0.996842,0.996579,0.996316,0.986579,0.983158,0.961053,0.902368,0.740263,0.831053,0.524211,0.426316,0.395,0.275526,0.256053,0.315263,0.106053,0.0973684,0.0821053,0.0744737,0.0586842,0.0542105,0.0426316,0.0397368,0.0363158,0.0318421,0.0194737,0.0215789,0.0144737,0.118158,0.107105,0.0105263,0.0102632,0.00684211,0.00657895,0.00605263,0.005,0.00473684,0.00526316,0.00421053,0.00315789,0.00157895,0.00210526,0.00315789,0.00131579,0.00210526,0.00131579,0.00105263,0.00131579,0.00157895,0.000789474,0.000789474,0.000263158,0.000263158,0.000263158,0.000526316,0,0.000263158,0.000263158,0.000263158,0,0,0,0,0,0.000263158,0,0,0,0,0,0,0,0,0,0,0,0.000263158,0,0,0,0,0,0,0,0,0,0,0,0,0,0,0,0,0,0,0,0,
0.997297,0.997297,0.995405,0.996486,0.995405,0.987838,0.992432,0.974865,0.932703,0.909189,0.699459,0.60973,0.486757,0.715676,0.394595,0.355676,0.255946,0.235676,0.131892,0.208378,0.0924324,0.077027,0.169459,0.0613514,0.0448649,0.0359459,0.128919,0.03,0.0218919,0.121892,0.0202703,0.0148649,0.0140541,0.0108108,0.110541,0.00864865,0.0072973,0.00756757,0.00621622,0.0072973,0.00513514,0.00513514,0.00459459,0.00243243,0.00324324,0.00189189,0.00243243,0.00108108,0.00216216,0.00162162,0.00216216,0.00162162,0.00108108,0.00189189,0.000540541,0.000540541,0,0.00027027,0.000810811,0.00027027,0,0,0,0.00027027,0.00027027,0.00027027,0.000540541,0,0,0,0,0,0,0,0,0,0.000540541,0,0,0,0,0,0,0,0,0,0,0,0,0,0,0,0,0,0,0,0,0,0,0,
0.997222,0.996944,0.996389,0.995833,0.995833,0.990556,0.990278,0.969167,0.948611,0.922778,0.806389,0.643889,0.5,0.581944,0.410556,0.379444,0.176389,0.320833,0.214167,0.219167,0.189167,0.0902778,0.16,0.07,0.0491667,0.0441667,0.1325,0.0347222,0.0375,0.128056,0.0213889,0.119722,0.0161111,0.0180556,0.0119444,0.0108333,0.0102778,0.00694444,0.00916667,0.00805556,0.00611111,0.00666667,0.00694444,0.00305556,0.00444444,0.00361111,0.00305556,0.00222222,0.00333333,0.101667,0.000555556,0.000277778,0.000277778,0,0.00166667,0.000555556,0.000555556,0.000277778,0.000833333,0,0.000277778,0.000555556,0.000555556,0,0.000277778,0.000277778,0.000277778,0,0,0,0,0.000277778,0,0,0,0,0,0,0,0,0,0,0,0,0,0,0,0,0.000277778,0,0,0,0,0,0,0,0,0,0,0,
0.997143,0.996571,0.996286,0.996286,0.992,0.994857,0.986,0.97,0.965429,0.880857,0.884571,0.792286,0.707143,0.440857,0.497714,0.219714,0.267143,0.400857,0.235143,0.208571,0.113143,0.19,0.171429,0.0711429,0.0585714,0.046,0.141143,0.0351429,0.0277143,0.0337143,0.126286,0.0234286,0.0188571,0.0177143,0.0142857,0.0148571,0.01,0.00914286,0.00971429,0.00771429,0.01,0.00342857,0.00371429,0.00485714,0.00371429,0.00542857,0.00314286,0.00257143,0.00228571,0.00171429,0.00171429,0.00171429,0.00171429,0.000857143,0.000857143,0.00114286,0,0,0.00114286,0.000857143,0,0.000571429,0.000571429,0,0.000857143,0.000285714,0.000285714,0.000285714,0.000285714,0,0,0,0,0.000571429,0,0,0.000285714,0,0,0,0,0,0,0,0,0,0,0,0,0,0,0,0,0,0,0,0,0,0,0,
0.997059,0.996471,0.996471,0.994706,0.995588,0.995882,0.989706,0.938824,0.98,0.913235,0.851176,0.755294,0.595,0.549706,0.472647,0.234412,0.289706,0.51,0.407353,0.420294,0.0994118,0.456765,0.085,0.0658824,0.158529,0.0582353,0.0541176,0.0435294,0.0344118,0.225588,0.0305882,0.0276471,0.117353,0.0182353,0.0164706,0.0135294,0.00882353,0.00970588,0.00911765,0.0102941,0.01,0.00676471,0.00882353,0.00411765,0.00411765,0.00323529,0.00323529,0.005,0.00264706,0.00235294,0.00117647,0.00147059,0.00117647,0.00147059,0.000294118,0.000882353,0.00117647,0.000294118,0,0.00117647,0.000588235,0,0.000588235,0.000294118,0,0.000294118,0.000294118,0,0.000882353,0.000294118,0.000294118,0,0.000294118,0,0,0,0,0,0,0.000294118,0.000294118,0,0,0.000294118,0,0,0,0,0,0,0,0,0,0,0,0,0,0,0,0,
0.99697,0.996364,0.995152,0.993333,0.994848,0.993939,0.993636,0.97303,0.95697,0.96697,0.924242,0.879697,0.674848,0.504545,0.385152,0.343333,0.224545,0.442424,0.31,0.133939,0.129394,0.195455,0.104848,0.171515,0.166364,0.0627273,0.05,0.13303,0.039697,0.13,0.0324242,0.0272727,0.123636,0.0257576,0.019697,0.02,0.010303,0.010303,0.00848485,0.0112121,0.0106061,0.00939394,0.0069697,0.00606061,0.00727273,0.00424242,0.00393939,0.102424,0.00151515,0.00181818,0.00272727,0.00181818,0.00151515,0.00212121,0.00181818,0.00272727,0.00181818,0.000606061,0.000606061,0.00030303,0.000909091,0.00121212,0.000606061,0.000606061,0.000909091,0.000909091,0.000606061,0,0.000909091,0,0,0.000606061,0,0,0,0,0,0.00030303,0.00030303,0.00030303,0,0.00030303,0,0,0.00030303,0,0,0.00030303,0,0,0.00030303,0,0,0,0,0,0,0,0,0,
0.996875,0.99625,0.996562,0.993438,0.993125,0.994375,0.990625,0.9825,0.962813,0.965,0.955937,0.860938,0.85125,0.5975,0.539062,0.522188,0.479687,0.369063,0.360625,0.486562,0.243125,0.291875,0.286562,0.180625,0.178125,0.0634375,0.063125,0.048125,0.0403125,0.04375,0.0378125,0.12875,0.0309375,0.0209375,0.02,0.0228125,0.019375,0.0125,0.0146875,0.0128125,0.009375,0.0115625,0.0115625,0.01,0.009375,0.0059375,0.0028125,0.0028125,0.0040625,0.0053125,0.00375,0.00375,0.00125,0.0028125,0.0025,0.100938,0.00125,0.0009375,0.000625,0.0009375,0.0009375,0.000625,0.000625,0.000625,0.0009375,0.0003125,0.001875,0.0003125,0.0003125,0.0003125,0.0003125,0.00125,0,0.0003125,0.0003125,0,0,0.0003125,0,0.0003125,0.0003125,0,0,0,0.0003125,0,0,0.0003125,0.0003125,0,0,0,0,0,0,0,0,0,0,0,
0.996774,0.996129,0.996452,0.995484,0.995484,0.995484,0.99129,0.97129,0.99129,0.963548,0.884839,0.938065,0.790968,0.747419,0.617097,0.586129,0.567419,0.384516,0.444516,0.185161,0.228065,0.210323,0.114516,0.192581,0.0909677,0.256129,0.250645,0.0612903,0.0435484,0.0470968,0.0390323,0.0370968,0.0287097,0.0280645,0.0248387,0.0193548,0.0241935,0.0206452,0.0151613,0.0109677,0.0122581,0.0122581,0.00870968,0.00806452,0.00580645,0.00774194,0.106774,0.00483871,0.00354839,0.00451613,0.103226,0.00387097,0.00129032,0.00322581,0.0016129,0.0016129,0.00225806,0.00193548,0.000967742,0.00129032,0.00129032,0.00129032,0.000967742,0.00193548,0.000967742,0.000322581,0.000322581,0.000322581,0.000967742,0.000322581,0.000967742,0.000322581,0.00129032,0,0,0,0.000322581,0,0,0.000322581,0,0,0,0,0,0,0.000322581,0,0,0,0,0.000322581,0,0,0,0,0,0,0,0,
0.996667,0.996333,0.996333,0.994667,0.995667,0.995667,0.993333,0.977667,0.99,0.989667,0.915333,0.832333,0.79,0.615333,0.591333,0.517333,0.462333,0.463667,0.361,0.441333,0.485,0.411667,0.203,0.460667,0.191,0.174333,0.177667,0.0663333,0.056,0.0523333,0.0476667,0.132667,0.131333,0.0386667,0.0276667,0.0293333,0.0256667,0.0183333,0.0193333,0.017,0.0103333,0.00933333,0.015,0.00833333,0.01,0.107333,0.00866667,0.00633333,0.00766667,0.007,0.00833333,0.004,0.004,0.00233333,0.00266667,0.003,0.002,0.00166667,0.00333333,0.000333333,0.000666667,0.003,0.000666667,0.000666667,0.00166667,0.001,0.000333333,0.000666667,0.00133333,0.000666667,0.000666667,0.000666667,0,0.001,0.000666667,0.000666667,0,0.000666667,0,0.000333333,0.000333333,0.000333333,0,0.000333333,0.000333333,0,0,0,0,0,0,0,0,0,0,0,0,0,0,0,
0.996552,0.995862,0.995862,0.996207,0.992759,0.996207,0.995172,0.992414,0.981034,0.976207,0.878276,0.859655,0.879655,0.830345,0.647931,0.692414,0.658621,0.627241,0.333793,0.355517,0.273448,0.242759,0.314483,0.293448,0.291379,0.181724,0.0772414,0.158966,0.0672414,0.145172,0.0468966,0.231379,0.0393103,0.0310345,0.0386207,0.0272414,0.0258621,0.0258621,0.0210345,0.0227586,0.0165517,0.017931,0.11069,0.0137931,0.0117241,0.0124138,0.00931034,0.0113793,0.105862,0.00448276,0.00551724,0.00517241,0.00482759,0.00413793,0.00275862,0.00275862,0.00310345,0.00275862,0.00172414,0.00206897,0.00206897,0.00448276,0.00172414,0.00172414,0.00103448,0.00206897,0.00137931,0.00103448,0.000689655,0.000689655,0.00137931,0.00103448,0.000689655,0.000344828,0.00103448,0.000344828,0.000344828,0.000689655,0.000344828,0.000344828,0.000344828,0,0,0,0.000689655,0,0,0,0,0,0,0,0,0.000344828,0,0,0,0,0,0,
0.996429,0.995714,0.995714,0.995714,0.994643,0.987857,0.995,0.987143,0.987857,0.985357,0.972857,0.910357,0.814643,0.786786,0.813214,0.722143,0.611429,0.42,0.625714,0.540357,0.501071,0.414286,0.240714,0.306071,0.206429,0.188214,0.0985714,0.260357,0.0714286,0.148571,0.0582143,0.144286,0.145,0.0371429,0.13,0.0353571,0.0296429,0.117143,0.122143,0.0235714,0.0217857,0.0157143,0.0160714,0.0153571,0.01,0.0139286,0.0110714,0.00928571,0.00928571,0.00571429,0.005,0.00571429,0.00642857,0.005,0.00392857,0.00678571,0.00321429,0.00607143,0.00142857,0.00357143,0.0025,0.000714286,0.00214286,0.00107143,0.00178571,0.00178571,0.00178571,0.000714286,0.00285714,0.000357143,0.00107143,0.000714286,0,0.000714286,0.00178571,0.000714286,0.000714286,0.000714286,0.00107143,0,0.000357143,0,0,0,0.00107143,0.000357143,0,0.000357143,0.000714286,0,0,0.000357143,0,0.000714286,0,0,0,0,0,0,
0.996296,0.996296,0.994444,0.993704,0.994074,0.992593,0.994074,0.973704,0.991481,0.968519,0.955185,0.984815,0.88,0.852593,0.905926,0.699259,0.73963,0.524074,0.381481,0.298148,0.217778,0.229259,0.325185,0.135926,0.141852,0.295556,0.191111,0.178148,0.0833333,0.0781481,0.0625926,0.158519,0.146667,0.13963,0.0418519,0.132222,0.131852,0.0322222,0.0303704,0.0237037,0.0188889,0.0203704,0.118148,0.117037,0.0181481,0.0125926,0.0114815,0.110741,0.0103704,0.0103704,0.00851852,0.00925926,0.0111111,0.00777778,0.00444444,0.00518519,0.0037037,0.00592593,0.00444444,0.00407407,0.00333333,0.00296296,0.00259259,0.00296296,0.00333333,0.101111,0.00111111,0.00222222,0.00037037,0,0.000740741,0.000740741,0.00148148,0.00148148,0.00111111,0.00148148,0.00037037,0.00037037,0.00111111,0.00037037,0.00037037,0.00111111,0.00037037,0,0.00037037,0,0,0,0,0,0,0.00037037,0,0.000740741,0.00037037,0,0,0.00037037,0,0,
0.996154,0.995769,0.996154,0.995,0.993846,0.993077,0.995,0.989615,0.991923,0.983846,0.945,0.918846,0.905769,0.876538,0.656538,0.602308,0.64,0.668077,0.521923,0.418846,0.464615,0.374231,0.182692,0.246154,0.239615,0.210385,0.300385,0.107692,0.176923,0.176538,0.255,0.0780769,0.0576923,0.0484615,0.045,0.0496154,0.0396154,0.0334615,0.134231,0.0311538,0.0265385,0.0242308,0.0211538,0.0192308,0.0203846,0.112692,0.0153846,0.00923077,0.0111538,0.00846154,0.0107692,0.00884615,0.00923077,0.00730769,0.00615385,0.00538462,0.00730769,0.00461538,0.00269231,0.00307692,0.00230769,0.00230769,0.00269231,0.00346154,0.00115385,0.00269231,0.00115385,0.00346154,0.00269231,0,0.00153846,0.00153846,0.00153846,0.00192308,0.00192308,0.00115385,0.000769231,0,0.000769231,0.000384615,0.00153846,0,0,0.000384615,0.000384615,0,0.000384615,0.000384615,0,0.000384615,0,0.000769231,0,0,0,0,0,0,0.000384615,0,
0.996,0.996,0.9952,0.9956,0.9952,0.9916,0.9912,0.9952,0.9844,0.9808,0.956,0.9532,0.8956,0.952,0.99,0.822,0.6712,0.7408,0.4672,0.5128,0.4676,0.4596,0.222,0.2844,0.26,0.48,0.228,0.3804,0.2016,0.356,0.2652,0.2712,0.1484,0.064,0.1524,0.1552,0.14,0.14,0.0356,0.0288,0.0352,0.0252,0.018,0.0268,0.0192,0.118,0.0196,0.1132,0.014,0.0124,0.0108,0.0116,0.01,0.0076,0.0096,0.006,0.0048,0.0056,0.0052,0.0044,0.008,0.002,0.0044,0.004,0.004,0.0036,0.0052,0.002,0.0028,0.0024,0.002,0.0016,0.0012,0.0028,0.0016,0,0.0008,0.0012,0,0.0004,0.0008,0.0004,0.0012,0.0008,0,0.0004,0.0004,0.0012,0,0,0.0016,0.0004,0,0.0004,0.0004,0,0,0,0,0,
0.995833,0.995833,0.994583,0.995,0.990833,0.993333,0.991667,0.992917,0.988333,0.983333,0.99375,0.927917,0.9675,0.889167,0.942917,0.704167,0.76625,0.615417,0.468333,0.537917,0.349583,0.40125,0.4025,0.30125,0.17625,0.415417,0.1675,0.3,0.11625,0.193333,0.277083,0.2575,0.08375,0.08,0.0704167,0.339583,0.0516667,0.0516667,0.04,0.13125,0.135,0.0341667,0.03375,0.1225,0.0179167,0.0175,0.0154167,0.0166667,0.01625,0.0179167,0.0175,0.01375,0.0120833,0.00791667,0.00583333,0.01125,0.0075,0.00583333,0.01125,0.00666667,0.00458333,0.00208333,0.005,0.00666667,0.10125,0.005,0.00333333,0.00291667,0.00541667,0.00208333,0.00375,0.00416667,0.0025,0.00208333,0.0025,0.0025,0.100417,0.000833333,0.00125,0.000416667,0.00166667,0.000416667,0.00166667,0.00208333,0.000416667,0,0.000833333,0.000416667,0.000833333,0.000416667,0.000833333,0,0,0.000416667,0,0,0,0,0.000833333,0,
0.995652,0.995217,0.993478,0.994783,0.992174,0.993043,0.988696,0.994783,0.981304,0.99,0.98,0.966957,0.993043,0.933478,0.896957,0.916957,0.791739,0.72913,0.742609,0.678696,0.551304,0.499565,0.396957,0.386522,0.368696,0.257826,0.407826,0.388261,0.302609,0.291739,0.196522,0.213043,0.18087,0.0808696,0.170435,0.0713043,0.0726087,0.0478261,0.151304,0.143043,0.0452174,0.0365217,0.132609,0.134348,0.123478,0.0256522,0.0252174,0.0273913,0.0191304,0.0195652,0.0182609,0.013913,0.0156522,0.0126087,0.0104348,0.0121739,0.00565217,0.0117391,0.00565217,0.00782609,0.00608696,0.00608696,0.00695652,0.00565217,0.0026087,0.00521739,0.00391304,0.00478261,0.102174,0.00304348,0.0026087,0.00304348,0.00347826,0.00304348,0.00434783,0.000869565,0.00217391,0.000434783,0.00130435,0.00130435,0.101304,0.00173913,0,0.00217391,0.00130435,0,0.000434783,0.000434783,0.000869565,0,0.000434783,0,0.000869565,0.000434783,0,0.000434783,0,0,0,0.000434783,
0.995455,0.994091,0.995455,0.994545,0.991818,0.991818,0.995,0.993636,0.986364,0.981364,0.976364,0.984545,0.970909,0.957727,0.954545,0.951364,0.726818,0.750909,0.506364,0.634091,0.493636,0.53,0.515455,0.403182,0.310909,0.204545,0.280909,0.335455,0.148636,0.21,0.206818,0.203636,0.191364,0.105455,0.0968182,0.166364,0.0768182,0.085,0.154545,0.05,0.139091,0.0431818,0.0404545,0.0281818,0.133636,0.0322727,0.0327273,0.0304545,0.0272727,0.0272727,0.0177273,0.0181818,0.0190909,0.0131818,0.0154545,0.110909,0.0131818,0.00818182,0.0113636,0.0136364,0.0127273,0.00909091,0.103636,0.00590909,0.00727273,0.00681818,0.00636364,0.00318182,0.00409091,0.00727273,0.00409091,0.00363636,0.00363636,0.00363636,0.00363636,0.00136364,0.00136364,0.00409091,0.00136364,0.000909091,0.00181818,0.00272727,0,0.00227273,0.00181818,0.00227273,0.000454545,0.000909091,0.000454545,0,0.00181818,0,0.000909091,0.000454545,0.000909091,0.000454545,0.000909091,0.00136364,0,0,
0.995238,0.994762,0.994286,0.992857,0.994286,0.990476,0.994286,0.99381,0.987619,0.986667,0.988571,0.982381,0.979524,0.938095,0.934762,0.95381,0.851905,0.915714,0.822857,0.740476,0.65619,0.550952,0.453333,0.642381,0.338095,0.455714,0.368095,0.42381,0.182857,0.24619,0.141429,0.22,0.211905,0.279524,0.107143,0.192857,0.0866667,0.26619,0.16381,0.0609524,0.0557143,0.150476,0.0519048,0.146667,0.0404762,0.0442857,0.022381,0.130952,0.03,0.12619,0.0242857,0.123333,0.0171429,0.0147619,0.0228571,0.0133333,0.0185714,0.0190476,0.00809524,0.012381,0.0119048,0.0114286,0.0128571,0.0138095,0.0104762,0.00761905,0.0052381,0.00714286,0.00619048,0.00380952,0.00380952,0.0052381,0.00380952,0.00571429,0.00380952,0.00333333,0.00380952,0.00142857,0.000952381,0.00333333,0.00190476,0.00285714,0.00285714,0.000952381,0.00190476,0.000952381,0.00238095,0.000952381,0.00047619,0.00047619,0.00333333,0.00238095,0.00190476,0,0.000952381,0.00142857,0.00142857,0.00190476,0.00047619,0.000952381,
0.995,0.9945,0.9945,0.994,0.9935,0.992,0.99,0.9915,0.9925,0.9935,0.9865,0.9715,0.989,0.9455,0.9505,0.935,0.9455,0.8135,0.8525,0.7175,0.812,0.6855,0.5725,0.4535,0.7305,0.396,0.508,0.379,0.435,0.172,0.3305,0.2405,0.4835,0.1395,0.2125,0.196,0.1785,0.172,0.083,0.256,0.1705,0.164,0.059,0.0495,0.0505,0.0465,0.046,0.042,0.033,0.138,0.038,0.0335,0.02,0.025,0.023,0.025,0.019,0.0135,0.0165,0.0135,0.0105,0.014,0.0195,0.015,0.009,0.008,0.006,0.008,0.0055,0.009,0.011,0.0055,0.004,0.0025,0.006,0.006,0.005,0.003,0.0025,0.0055,0.004,0.004,0.005,0.0025,0.002,0.004,0.002,0.002,0.0015,0.0025,0.002,0.001,0.0005,0.0025,0.0015,0,0,0.0025,0.001,0.0005,
0.994737,0.993684,0.994211,0.994211,0.994211,0.988421,0.988947,0.993158,0.983684,0.985263,0.986316,0.979474,0.985789,0.989474,0.955263,0.937368,0.918421,0.890526,0.87,0.802632,0.725263,0.614737,0.838947,0.628947,0.565789,0.459474,0.29,0.490526,0.453684,0.463684,0.369474,0.165263,0.154211,0.318947,0.224737,0.288421,0.185263,0.197368,0.19,0.166842,0.166842,0.0784211,0.0663158,0.0642105,0.0657895,0.24,0.0547368,0.0447368,0.0457895,0.0452632,0.0321053,0.0210526,0.0326316,0.0305263,0.124737,0.125263,0.211579,0.02,0.0226316,0.0221053,0.0110526,0.0178947,0.0131579,0.0147368,0.0115789,0.0121053,0.0121053,0.01,0.00947368,0.00736842,0.00947368,0.00947368,0.00421053,0.00684211,0.106316,0.00473684,0.00789474,0.00578947,0.00315789,0.00421053,0.00526316,0.00526316,0.00368421,0.00368421,0.00631579,0.00421053,0.00157895,0.00368421,0.00210526,0.00315789,0.00315789,0.00421053,0.00210526,0.00105263,0.00105263,0.00315789,0.00157895,0.000526316,0.000526316,0.00157895,
0.994444,0.993889,0.994444,0.994444,0.992222,0.989444,0.992778,0.990556,0.985556,0.992778,0.991111,0.982778,0.990556,0.954444,0.956111,0.961111,0.940556,0.924444,0.882778,0.93,0.930556,0.749444,0.651111,0.524444,0.680556,0.620556,0.656111,0.368889,0.344444,0.629444,0.448333,0.266667,0.437222,0.270556,0.232222,0.232778,0.236111,0.317222,0.0988889,0.206111,0.102778,0.0927778,0.169444,0.259444,0.0755556,0.160556,0.0677778,0.0555556,0.0572222,0.0488889,0.147222,0.223333,0.140556,0.232222,0.0361111,0.035,0.0344444,0.0266667,0.0255556,0.02,0.0266667,0.0311111,0.0138889,0.0116667,0.0188889,0.0155556,0.0133333,0.0122222,0.00888889,0.0105556,0.0155556,0.110556,0.0105556,0.108889,0.00944444,0.00666667,0.00833333,0.00444444,0.00666667,0.00611111,0.00722222,0.00555556,0.00722222,0.00166667,0.00333333,0.00111111,0.00388889,0.00444444,0.00333333,0.005,0.00333333,0.00277778,0.00222222,0.00388889,0.00166667,0.00388889,0.00111111,0.00222222,0.000555556,0.00166667,
0.994118,0.992941,0.993529,0.993529,0.994118,0.992353,0.988235,0.992353,0.986471,0.984706,0.978235,0.986471,0.990588,0.963529,0.986471,0.974706,0.971765,0.961176,0.947059,0.915882,0.942941,0.842353,0.761176,0.549412,0.773529,0.775882,0.492941,0.541176,0.546471,0.353529,0.430588,0.378824,0.443529,0.360588,0.334706,0.318235,0.243529,0.311176,0.426471,0.211765,0.207647,0.212353,0.0994118,0.266471,0.0864706,0.0882353,0.0647059,0.0664706,0.0629412,0.163529,0.0417647,0.0358824,0.0605882,0.0470588,0.144118,0.0411765,0.132353,0.231765,0.0411765,0.03,0.0252941,0.0335294,0.126471,0.0305882,0.0241176,0.0294118,0.0211765,0.0176471,0.0229412,0.0158824,0.119412,0.0176471,0.00941176,0.0158824,0.0111765,0.00647059,0.00764706,0.01,0.00941176,0.00941176,0.00823529,0.00411765,0.00882353,0.00705882,0.00823529,0.00823529,0.00470588,0.00705882,0.00470588,0.00352941,0.00529412,0.00352941,0.00352941,0.00647059,0.00823529,0.00176471,0.00411765,0.00235294,0.00352941,0.00117647,
0.99375,0.99375,0.99375,0.993125,0.991875,0.99125,0.99125,0.984375,0.99125,0.991875,0.99,0.989375,0.98875,0.97,0.95875,0.965625,0.9825,0.925625,0.87125,0.806875,0.8575,0.863125,0.89625,0.76125,0.680625,0.725625,0.6925,0.616875,0.535,0.62375,0.699375,0.388125,0.45875,0.426875,0.33375,0.291875,0.25625,0.27,0.478125,0.180625,0.380625,0.27625,0.20875,0.293125,0.199375,0.0925,0.196875,0.090625,0.17875,0.16875,0.16125,0.15375,0.155,0.149375,0.045625,0.23125,0.14625,0.0475,0.04125,0.039375,0.126875,0.13,0.043125,0.031875,0.02875,0.02625,0.02875,0.025,0.015,0.01875,0.11625,0.020625,0.0175,0.014375,0.01375,0.010625,0.011875,0.110625,0.009375,0.010625,0.005,0.006875,0.013125,0.01,0.0125,0.10625,0.005625,0.006875,0.005625,0.005625,0.006875,0.004375,0.00125,0.005625,0.00125,0.001875,0.0075,0.00375,0.004375,0.001875,
0.993333,0.993333,0.992667,0.992667,0.990667,0.992,0.99,0.988667,0.99,0.988667,0.99,0.982667,0.985333,0.978,0.983333,0.978,0.955333,0.980667,0.955333,0.877333,0.884,0.944667,0.922667,0.883333,0.871333,0.759333,0.662,0.698,0.801333,0.79,0.452667,0.417333,0.642667,0.419333,0.715333,0.392,0.443333,0.199333,0.237333,0.42,0.436,0.4,0.290667,0.206,0.133333,0.298,0.204667,0.198667,0.193333,0.193333,0.0873333,0.158,0.092,0.172,0.0646667,0.0513333,0.0666667,0.0453333,0.0646667,0.04,0.0446667,0.136667,0.0386667,0.0386667,0.0393333,0.0466667,0.0306667,0.0313333,0.118667,0.032,0.120667,0.0266667,0.0186667,0.0226667,0.119333,0.00933333,0.0153333,0.0153333,0.0193333,0.0126667,0.0193333,0.00866667,0.016,0.0126667,0.0126667,0.00933333,0.0113333,0.0113333,0.008,0.0106667,0.00733333,0.00533333,0.01,0.00733333,0.00333333,0.00733333,0.00733333,0.006,0.00333333,0.006,
0.992857,0.992143,0.992857,0.992857,0.989286,0.992857,0.989286,0.99,0.99,0.99,0.989286,0.99,0.982857,0.98,0.962143,0.961429,0.950714,0.968571,0.972857,0.905714,0.957143,0.941429,0.895714,0.802857,0.884286,0.805714,0.950714,0.849286,0.700714,0.663571,0.505714,0.564286,0.507143,0.449286,0.461429,0.356429,0.466429,0.376429,0.436429,0.431429,0.268571,0.377857,0.357857,0.309286,0.405714,0.149286,0.234286,0.302143,0.103571,0.133571,0.212143,0.187143,0.168571,0.191429,0.0778571,0.0735714,0.0685714,0.161429,0.0685714,0.154286,0.0664286,0.0507143,0.0485714,0.0535714,0.141429,0.05,0.045,0.0457143,0.03,0.0335714,0.0435714,0.0328571,0.0235714,0.0207143,0.025,0.132143,0.122857,0.0228571,0.015,0.0228571,0.0214286,0.0185714,0.0214286,0.0114286,0.00857143,0.0107143,0.0142857,0.12,0.0114286,0.107857,0.00857143,0.00928571,0.107857,0.01,0.00857143,0.00857143,0.00571429,0.0121429,0.00571429,0.00642857,
0.992308,0.991538,0.991538,0.992308,0.991538,0.989231,0.990769,0.987692,0.988462,0.986154,0.985385,0.979231,0.970769,0.968462,0.967692,0.989231,0.95,0.983846,0.963846,0.953077,0.964615,0.895385,0.922308,0.928462,0.906154,0.796923,0.766923,0.846154,0.820769,0.633846,0.76,0.77,0.576923,0.766154,0.635385,0.520769,0.640769,0.430769,0.403846,0.683077,0.508462,0.614615,0.516154,0.364615,0.352308,0.520769,0.282308,0.238462,0.403077,0.158462,0.120769,0.123077,0.118462,0.213846,0.103077,0.108462,0.176923,0.182308,0.0861538,0.175385,0.0761538,0.174615,0.17,0.0661538,0.168462,0.0507692,0.0615385,0.233846,0.140769,0.0446154,0.0423077,0.0369231,0.0492308,0.0307692,0.226154,0.0438462,0.0384615,0.129231,0.0230769,0.0215385,0.0253846,0.0215385,0.0276923,0.0292308,0.0230769,0.0169231,0.0215385,0.0161538,0.0238462,0.0207692,0.0138462,0.0161538,0.111538,0.00846154,0.0146154,0.0230769,0.0123077,0.01,0.0146154,0.01,
0.991667,0.991667,0.99,0.99,0.989167,0.986667,0.986667,0.985833,0.9875,0.983333,0.978333,0.9675,0.980833,0.984167,0.989167,0.983333,0.963333,0.981667,0.96,0.953333,0.955,0.9075,0.944167,0.9575,0.9375,0.905833,0.925,0.915833,0.758333,0.8975,0.8425,0.8825,0.785833,0.7925,0.676667,0.485,0.668333,0.640833,0.715,0.623333,0.599167,0.551667,0.734167,0.3475,0.4,0.303333,0.3925,0.275833,0.21,0.175833,0.4275,0.138333,0.235833,0.318333,0.303333,0.229167,0.113333,0.263333,0.213333,0.0916667,0.0916667,0.181667,0.0908333,0.2775,0.0866667,0.105,0.169167,0.0625,0.0508333,0.0766667,0.150833,0.0508333,0.0675,0.0525,0.0383333,0.0583333,0.0408333,0.128333,0.124167,0.0308333,0.0416667,0.0266667,0.0233333,0.025,0.0333333,0.0358333,0.0291667,0.123333,0.121667,0.0208333,0.0216667,0.0291667,0.0191667,0.02,0.0216667,0.015,0.118333,0.0141667,0.0183333,0.0133333,
0.990909,0.990909,0.990909,0.99,0.990909,0.988182,0.99,0.990909,0.989091,0.983636,0.981818,0.987273,0.980909,0.980909,0.989091,0.98,0.985455,0.963636,0.977273,0.936364,0.932727,0.971818,0.974545,0.932727,0.961818,0.899091,0.902727,0.911818,0.880909,0.953636,0.827273,0.862727,0.909091,0.656364,0.77,0.593636,0.812727,0.794545,0.714545,0.622727,0.623636,0.564545,0.561818,0.574545,0.470909,0.619091,0.38,0.419091,0.557273,0.233636,0.340909,0.290909,0.296364,0.5,0.192727,0.304545,0.397273,0.155455,0.222727,0.23,0.280909,0.191818,0.183636,0.212727,0.361818,0.121818,0.0854545,0.189091,0.0881818,0.164545,0.178182,0.0709091,0.161818,0.0745455,0.0718182,0.142727,0.0781818,0.150909,0.147273,0.147273,0.231818,0.05,0.133636,0.0463636,0.127273,0.235455,0.0354545,0.142727,0.0381818,0.03,0.0354545,0.0245455,0.0263636,0.125455,0.0190909,0.0227273,0.119091,0.0281818,0.0218182,0.0354545,
0.99,0.99,0.989,0.99,0.989,0.99,0.987,0.987,0.99,0.985,0.987,0.972,0.984,0.982,0.985,0.971,0.962,0.964,0.962,0.977,0.97,0.973,0.954,0.968,0.917,0.969,0.914,0.966,0.942,0.93,0.918,0.906,0.895,0.899,0.789,0.815,0.705,0.821,0.75,0.614,0.603,0.748,0.714,0.785,0.777,0.635,0.66,0.527,0.497,0.372,0.497,0.39,0.538,0.327,0.677,0.289,0.305,0.276,0.274,0.146,0.487,0.283,0.227,0.334,0.197,0.415,0.29,0.285,0.097,0.197,0.291,0.114,0.203,0.168,0.165,0.09,0.096,0.084,0.167,0.162,0.153,0.152,0.151,0.066,0.074,0.055,0.052,0.058,0.048,0.057,0.05,0.132,0.141,0.133,0.049,0.038,0.033,0.035,0.03,0.035,
0.988889,0.988889,0.987778,0.987778,0.984444,0.985556,0.988889,0.988889,0.985556,0.975556,0.986667,0.982222,0.981111,0.983333,0.983333,0.981111,0.983333,0.976667,0.963333,0.964444,0.978889,0.975556,0.973333,0.981111,0.968889,0.975556,0.957778,0.971111,0.975556,0.907778,0.937778,0.905556,0.965556,0.941111,0.877778,0.83,0.931111,0.901111,0.872222,0.8,0.833333,0.745556,0.87,0.82,0.692222,0.626667,0.542222,0.683333,0.768889,0.526667,0.634444,0.562222,0.338889,0.693333,0.393333,0.413333,0.615556,0.532222,0.374444,0.338889,0.55,0.401111,0.613333,0.324444,0.421111,0.228889,0.325556,0.294444,0.302222,0.224444,0.327778,0.481111,0.197778,0.303333,0.197778,0.278889,0.185556,0.188889,0.175556,0.281111,0.09,0.172222,0.175556,0.276667,0.178889,0.0888889,0.16,0.272222,0.165556,0.248889,0.25,0.0633333,0.252222,0.0566667,0.34,0.0388889,0.155556,0.248889,0.0455556,0.0444444,
0.9875,0.9875,0.9875,0.985,0.985,0.98625,0.9825,0.9875,0.9825,0.97875,0.9825,0.98375,0.98,0.98125,0.98,0.97375,0.98625,0.97625,0.97125,0.96125,0.965,0.955,0.98125,0.9675,0.975,0.96375,0.92625,0.92,0.94125,0.9725,0.9475,0.87,0.96375,0.9725,0.925,0.88,0.95625,0.86125,0.89125,0.79375,0.8525,0.78625,0.805,0.855,0.71625,0.83625,0.69375,0.7425,0.56375,0.76375,0.68625,0.555,0.60625,0.62375,0.60625,0.51625,0.565,0.64375,0.74875,0.48125,0.44875,0.5,0.54,0.3775,0.58375,0.56875,0.69125,0.40875,0.3825,0.48375,0.5325,0.275,0.27125,0.325,0.25125,0.2425,0.17875,0.24,0.225,0.55375,0.20625,0.29625,0.15625,0.29,0.26125,0.1275,0.29375,0.3825,0.20375,0.125,0.20875,0.09,0.1575,0.25375,0.0775,0.18375,0.06,0.1525,0.34375,0.0675,
0.985714,0.985714,0.985714,0.985714,0.985714,0.984286,0.981429,0.982857,0.982857,0.982857,0.984286,0.982857,0.98,0.98,0.98,0.97,0.972857,0.978571,0.975714,0.97,0.978571,0.978571,0.974286,0.965714,0.962857,0.968571,0.955714,0.974286,0.951429,0.958571,0.965714,0.958571,0.938571,0.962857,0.951429,0.957143,0.868571,0.962857,0.917143,0.951429,0.928571,0.902857,0.867143,0.907143,0.902857,0.832857,0.827143,0.867143,0.68,0.914286,0.837143,0.667143,0.841429,0.721429,0.73,0.794286,0.758571,0.625714,0.665714,0.621429,0.73,0.725714,0.72,0.528571,0.625714,0.562857,0.758571,0.502857,0.58,0.46,0.487143,0.414286,0.401429,0.4,0.587143,0.442857,0.472857,0.348571,0.264286,0.445714,0.271429,0.285714,0.418571,0.292857,0.332857,0.421429,0.251429,0.118571,0.32,0.38,0.221429,0.39,0.382857,0.351429,0.307143,0.205714,0.137143,0.21,0.208571,0.148571,
0.983333,0.983333,0.981667,0.983333,0.981667,0.983333,0.98,0.976667,0.983333,0.98,0.976667,0.971667,0.981667,0.978333,0.978333,0.973333,0.975,0.971667,0.973333,0.98,0.976667,0.973333,0.978333,0.976667,0.973333,0.975,0.97,0.975,0.98,0.97,0.958333,0.97,0.953333,0.976667,0.963333,0.956667,0.93,0.931667,0.91,0.895,0.938333,0.951667,0.905,0.923333,0.933333,0.885,0.908333,0.858333,0.881667,0.875,0.936667,0.906667,0.886667,0.821667,0.828333,0.841667,0.81,0.731667,0.756667,0.89,0.756667,0.85,0.806667,0.698333,0.738333,0.703333,0.865,0.681667,0.693333,0.776667,0.681667,0.57,0.67,0.693333,0.761667,0.39,0.453333,0.563333,0.481667,0.535,0.421667,0.515,0.558333,0.596667,0.371667,0.6,0.478333,0.363333,0.525,0.49,0.473333,0.275,0.445,0.488333,0.376667,0.488333,0.438333,0.358333,0.301667,0.368333,
0.98,0.98,0.98,0.98,0.98,0.978,0.978,0.98,0.972,0.976,0.974,0.978,0.978,0.964,0.966,0.968,0.974,0.972,0.974,0.968,0.98,0.976,0.974,0.964,0.972,0.968,0.958,0.966,0.968,0.958,0.974,0.96,0.948,0.958,0.944,0.94,0.948,0.974,0.954,0.906,0.97,0.898,0.964,0.946,0.916,0.954,0.93,0.908,0.91,0.912,0.922,0.94,0.922,0.91,0.87,0.932,0.894,0.846,0.934,0.878,0.872,0.9,0.906,0.9,0.858,0.804,0.84,0.772,0.728,0.676,0.824,0.826,0.754,0.776,0.772,0.676,0.818,0.644,0.772,0.646,0.696,0.846,0.716,0.714,0.698,0.624,0.714,0.868,0.674,0.586,0.472,0.75,0.502,0.698,0.532,0.658,0.418,0.462,0.36,0.534,
0.975,0.9725,0.975,0.975,0.9725,0.975,0.975,0.9675,0.9725,0.97,0.97,0.975,0.97,0.965,0.96,0.97,0.9625,0.9725,0.9675,0.9625,0.965,0.965,0.97,0.965,0.97,0.965,0.9675,0.9575,0.975,0.975,0.97,0.97,0.9575,0.9625,0.9325,0.92,0.9675,0.96,0.9525,0.96,0.9575,0.965,0.9375,0.9475,0.9425,0.8525,0.9075,0.9375,0.9375,0.955,0.9,0.9,0.9275,0.95,0.95,0.8975,0.9075,0.8925,0.905,0.9325,0.9225,0.9225,0.8875,0.8725,0.8825,0.8575,0.9025,0.8675,0.835,0.8925,0.8425,0.73,0.8575,0.8925,0.9325,0.8175,0.745,0.905,0.875,0.795,0.805,0.8225,0.8,0.6525,0.775,0.8625,0.725,0.795,0.71,0.7175,0.7725,0.8325,0.73,0.63,0.785,0.755,0.7875,0.795,0.6675,0.745,
0.966667,0.966667,0.966667,0.963333,0.966667,0.966667,0.966667,0.966667,0.966667,0.963333,0.96,0.96,0.96,0.963333,0.95,0.956667,0.96,0.95,0.953333,0.96,0.953333,0.96,0.946667,0.953333,0.956667,0.953333,0.963333,0.93,0.95,0.956667,0.953333,0.96,0.953333,0.953333,0.94,0.956667,0.956667,0.963333,0.943333,0.96,0.903333,0.93,0.89,0.903333,0.946667,0.953333,0.896667,0.93,0.93,0.96,0.93,0.913333,0.903333,0.91,0.903333,0.906667,0.94,0.94,0.96,0.906667,0.93,0.893333,0.933333,0.906667,0.94,0.903333,0.943333,0.953333,0.896667,0.786667,0.85,0.933333,0.86,0.94,0.92,0.916667,0.913333,0.916667,0.886667,0.796667,0.82,0.826667,0.85,0.896667,0.896667,0.853333,0.836667,0.833333,0.843333,0.876667,0.856667,0.85,0.836667,0.893333,0.87,0.9,0.816667,0.75,0.893333,0.81,
0.95,0.95,0.95,0.95,0.95,0.94,0.95,0.95,0.945,0.945,0.95,0.95,0.945,0.94,0.94,0.95,0.945,0.95,0.945,0.94,0.945,0.94,0.93,0.935,0.935,0.94,0.935,0.94,0.94,0.95,0.92,0.925,0.945,0.94,0.93,0.93,0.93,0.95,0.895,0.925,0.93,0.94,0.945,0.945,0.925,0.935,0.905,0.935,0.945,0.92,0.905,0.9,0.905,0.935,0.915,0.935,0.925,0.935,0.935,0.945,0.935,0.925,0.9,0.925,0.875,0.89,0.92,0.92,0.905,0.94,0.91,0.885,0.9,0.89,0.92,0.91,0.91,0.93,0.88,0.88,0.855,0.815,0.93,0.89,0.89,0.845,0.825,0.915,0.865,0.895,0.885,0.78,0.805,0.9,0.865,0.89,0.865,0.91,0.855,0.885,
0.9,0.9,0.9,0.9,0.9,0.9,0.9,0.89,0.9,0.89,0.9,0.9,0.9,0.9,0.9,0.89,0.89,0.89,0.88,0.88,0.88,0.89,0.9,0.9,0.89,0.89,0.9,0.9,0.9,0.89,0.88,0.9,0.89,0.9,0.89,0.89,0.87,0.87,0.89,0.89,0.86,0.9,0.89,0.87,0.89,0.89,0.9,0.89,0.87,0.87,0.88,0.88,0.88,0.87,0.88,0.87,0.88,0.88,0.87,0.86,0.88,0.88,0.9,0.86,0.86,0.86,0.89,0.87,0.89,0.9,0.89,0.86,0.85,0.84,0.89,0.83,0.9,0.86,0.86,0.87,0.88,0.85,0.89,0.81,0.82,0.85,0.84,0.87,0.89,0.83,0.89,0.85,0.85,0.9,0.88,0.85,0.87,0.88,0.89,0.89,
